"","sys_RespNum","Task","Concept","Delivery.costs","Minimum.order.quantity","Delivery.window","Delivery.costs_0","Delivery.costs_1","Delivery.costs_2","Delivery.costs_3","Minimum.order.quantity_0","Minimum.order.quantity_1","Minimum.order.quantity_2","Minimum.order.quantity_3","Delivery.window_0","Delivery.window_1","Delivery.window_2","Delivery.window_3","Response","LogProb","NoneOpt"
"1",6,1,1,"1","1","3",0,1,0,0,0,1,0,0,0,0,0,1,0.01,0,0
"2",6,1,2,"2","3","2",0,0,1,0,0,0,0,1,0,0,1,0,0.01,0,0
"3",6,1,3,"0","0","0",1,0,0,0,1,0,0,0,1,0,0,0,0.99,4.59511985013459,1
"4",6,2,1,"1","3","1",0,1,0,0,0,0,0,1,0,1,0,0,0.99,0,0
"5",6,2,2,"2","1","3",0,0,1,0,0,1,0,0,0,0,0,1,0.01,-4.59511985013459,0
"6",6,2,3,"0","0","0",1,0,0,0,1,0,0,0,1,0,0,0,0.01,-4.59511985013459,1
"7",6,3,1,"1","2","2",0,1,0,0,0,0,1,0,0,0,1,0,0.99,0,0
"8",6,3,2,"3","1","1",0,0,0,1,0,1,0,0,0,1,0,0,0.01,-4.59511985013459,0
"9",6,3,3,"0","0","0",1,0,0,0,1,0,0,0,1,0,0,0,0.01,-4.59511985013459,1
"10",12,1,1,"3","2","2",0,0,0,1,0,0,1,0,0,0,1,0,0.1,0,0
"11",12,1,2,"1","3","1",0,1,0,0,0,0,0,1,0,1,0,0,0.9,2.19722457733622,0
"12",12,1,3,"0","0","0",1,0,0,0,1,0,0,0,1,0,0,0,0.01,-2.30258509299405,1
"13",12,2,1,"3","1","1",0,0,0,1,0,1,0,0,0,1,0,0,0.01,0,0
"14",12,2,2,"1","3","2",0,1,0,0,0,0,0,1,0,0,1,0,0.2,2.99573227355399,0
"15",12,2,3,"0","0","0",1,0,0,0,1,0,0,0,1,0,0,0,0.8,4.38202663467388,1
"16",12,3,1,"1","1","3",0,1,0,0,0,1,0,0,0,0,0,1,0.1,0,0
"17",12,3,2,"2","2","1",0,0,1,0,0,0,1,0,0,1,0,0,0.6,1.79175946922805,0
"18",12,3,3,"0","0","0",1,0,0,0,1,0,0,0,1,0,0,0,0.3,1.09861228866811,1
"19",15,1,1,"2","2","1",0,0,1,0,0,0,1,0,0,1,0,0,0.99,0,0
"20",15,1,2,"3","3","2",0,0,0,1,0,0,0,1,0,0,1,0,0.01,-4.59511985013459,0
"21",15,1,3,"0","0","0",1,0,0,0,1,0,0,0,1,0,0,0,0.01,-4.59511985013459,1
"22",15,2,1,"1","2","2",0,1,0,0,0,0,1,0,0,0,1,0,0.99,0,0
"23",15,2,2,"3","1","1",0,0,0,1,0,1,0,0,0,1,0,0,0.01,-4.59511985013459,0
"24",15,2,3,"0","0","0",1,0,0,0,1,0,0,0,1,0,0,0,0.01,-4.59511985013459,1
"25",15,3,1,"2","3","3",0,0,1,0,0,0,0,1,0,0,0,1,0.3,0,0
"26",15,3,2,"3","1","1",0,0,0,1,0,1,0,0,0,1,0,0,0.7,0.847297860387204,0
"27",15,3,3,"0","0","0",1,0,0,0,1,0,0,0,1,0,0,0,0.01,-3.40119738166216,1
"28",18,1,1,"3","3","3",0,0,0,1,0,0,0,1,0,0,0,1,0.2,0,0
"29",18,1,2,"2","2","1",0,0,1,0,0,0,1,0,0,1,0,0,0.7,1.25276296849537,0
"30",18,1,3,"0","0","0",1,0,0,0,1,0,0,0,1,0,0,0,0.1,-0.693147180559945,1
"31",18,2,1,"1","1","3",0,1,0,0,0,1,0,0,0,0,0,1,0.6,0,0
"32",18,2,2,"2","3","1",0,0,1,0,0,0,0,1,0,1,0,0,0.2,-1.09861228866811,0
"33",18,2,3,"0","0","0",1,0,0,0,1,0,0,0,1,0,0,0,0.2,-1.09861228866811,1
"34",18,3,1,"1","3","1",0,1,0,0,0,0,0,1,0,1,0,0,0.6,0,0
"35",18,3,2,"3","2","2",0,0,0,1,0,0,1,0,0,0,1,0,0.2,-1.09861228866811,0
"36",18,3,3,"0","0","0",1,0,0,0,1,0,0,0,1,0,0,0,0.2,-1.09861228866811,1
"37",19,1,1,"3","1","1",0,0,0,1,0,1,0,0,0,1,0,0,0.4,0,0
"38",19,1,2,"2","2","3",0,0,1,0,0,0,1,0,0,0,0,1,0.6,0.405465108108164,0
"39",19,1,3,"0","0","0",1,0,0,0,1,0,0,0,1,0,0,0,0.01,-3.68887945411394,1
"40",19,2,1,"2","3","2",0,0,1,0,0,0,0,1,0,0,1,0,0.01,0,0
"41",19,2,2,"1","1","3",0,1,0,0,0,1,0,0,0,0,0,1,0.3,3.40119738166216,0
"42",19,2,3,"0","0","0",1,0,0,0,1,0,0,0,1,0,0,0,0.7,4.24849524204936,1
"43",19,3,1,"3","3","3",0,0,0,1,0,0,0,1,0,0,0,1,0.1,0,0
"44",19,3,2,"1","2","2",0,1,0,0,0,0,1,0,0,0,1,0,0.6,1.79175946922805,0
"45",19,3,3,"0","0","0",1,0,0,0,1,0,0,0,1,0,0,0,0.3,1.09861228866811,1
"46",22,1,1,"3","1","1",0,0,0,1,0,1,0,0,0,1,0,0,0.3,0,0
"47",22,1,2,"2","3","3",0,0,1,0,0,0,0,1,0,0,0,1,0.7,0.847297860387204,0
"48",22,1,3,"0","0","0",1,0,0,0,1,0,0,0,1,0,0,0,0.01,-3.40119738166216,1
"49",22,2,1,"2","1","3",0,0,1,0,0,1,0,0,0,0,0,1,0.2,0,0
"50",22,2,2,"1","2","2",0,1,0,0,0,0,1,0,0,0,1,0,0.8,1.38629436111989,0
"51",22,2,3,"0","0","0",1,0,0,0,1,0,0,0,1,0,0,0,0.01,-2.99573227355399,1
"52",22,3,1,"3","3","2",0,0,0,1,0,0,0,1,0,0,1,0,0.5,0,0
"53",22,3,2,"1","2","3",0,1,0,0,0,0,1,0,0,0,0,1,0.5,0,0
"54",22,3,3,"0","0","0",1,0,0,0,1,0,0,0,1,0,0,0,0.01,-3.91202300542815,1
"55",24,1,1,"1","1","3",0,1,0,0,0,1,0,0,0,0,0,1,0.99,0,0
"56",24,1,2,"2","2","1",0,0,1,0,0,0,1,0,0,1,0,0,0.01,-4.59511985013459,0
"57",24,1,3,"0","0","0",1,0,0,0,1,0,0,0,1,0,0,0,0.01,-4.59511985013459,1
"58",24,2,1,"3","1","1",0,0,0,1,0,1,0,0,0,1,0,0,0.99,0,0
"59",24,2,2,"2","3","3",0,0,1,0,0,0,0,1,0,0,0,1,0.01,-4.59511985013459,0
"60",24,2,3,"0","0","0",1,0,0,0,1,0,0,0,1,0,0,0,0.01,-4.59511985013459,1
"61",24,3,1,"1","2","2",0,1,0,0,0,0,1,0,0,0,1,0,0.99,0,0
"62",24,3,2,"2","3","3",0,0,1,0,0,0,0,1,0,0,0,1,0.01,-4.59511985013459,0
"63",24,3,3,"0","0","0",1,0,0,0,1,0,0,0,1,0,0,0,0.01,-4.59511985013459,1
"64",28,1,1,"1","1","3",0,1,0,0,0,1,0,0,0,0,0,1,0.99,0,0
"65",28,1,2,"2","3","2",0,0,1,0,0,0,0,1,0,0,1,0,0.01,-4.59511985013459,0
"66",28,1,3,"0","0","0",1,0,0,0,1,0,0,0,1,0,0,0,0.01,-4.59511985013459,1
"67",28,2,1,"1","2","2",0,1,0,0,0,0,1,0,0,0,1,0,0.7,0,0
"68",28,2,2,"3","1","1",0,0,0,1,0,1,0,0,0,1,0,0,0.3,-0.847297860387204,0
"69",28,2,3,"0","0","0",1,0,0,0,1,0,0,0,1,0,0,0,0.01,-4.24849524204936,1
"70",28,3,1,"3","2","1",0,0,0,1,0,0,1,0,0,1,0,0,0.2,0,0
"71",28,3,2,"2","3","3",0,0,1,0,0,0,0,1,0,0,0,1,0.8,1.38629436111989,0
"72",28,3,3,"0","0","0",1,0,0,0,1,0,0,0,1,0,0,0,0.01,-2.99573227355399,1
"73",33,1,1,"2","3","2",0,0,1,0,0,0,0,1,0,0,1,0,0.4,0,0
"74",33,1,2,"1","1","3",0,1,0,0,0,1,0,0,0,0,0,1,0.6,0.405465108108164,0
"75",33,1,3,"0","0","0",1,0,0,0,1,0,0,0,1,0,0,0,0.01,-3.68887945411394,1
"76",33,2,1,"2","1","2",0,0,1,0,0,1,0,0,0,0,1,0,0.7,0,0
"77",33,2,2,"3","2","3",0,0,0,1,0,0,1,0,0,0,0,1,0.3,-0.847297860387204,0
"78",33,2,3,"0","0","0",1,0,0,0,1,0,0,0,1,0,0,0,0.01,-4.24849524204936,1
"79",33,3,1,"3","1","1",0,0,0,1,0,1,0,0,0,1,0,0,0.3,0,0
"80",33,3,2,"1","2","2",0,1,0,0,0,0,1,0,0,0,1,0,0.7,0.847297860387204,0
"81",33,3,3,"0","0","0",1,0,0,0,1,0,0,0,1,0,0,0,0.01,-3.40119738166216,1
"82",37,1,1,"3","2","3",0,0,0,1,0,0,1,0,0,0,0,1,0.01,0,0
"83",37,1,2,"2","1","2",0,0,1,0,0,1,0,0,0,0,1,0,0.99,4.59511985013459,0
"84",37,1,3,"0","0","0",1,0,0,0,1,0,0,0,1,0,0,0,0.01,0,1
"85",37,2,1,"3","1","1",0,0,0,1,0,1,0,0,0,1,0,0,0.8,0,0
"86",37,2,2,"2","3","3",0,0,1,0,0,0,0,1,0,0,0,1,0.2,-1.38629436111989,0
"87",37,2,3,"0","0","0",1,0,0,0,1,0,0,0,1,0,0,0,0.01,-4.38202663467388,1
"88",37,3,1,"1","1","3",0,1,0,0,0,1,0,0,0,0,0,1,0.99,0,0
"89",37,3,2,"2","2","1",0,0,1,0,0,0,1,0,0,1,0,0,0.01,-4.59511985013459,0
"90",37,3,3,"0","0","0",1,0,0,0,1,0,0,0,1,0,0,0,0.01,-4.59511985013459,1
"91",42,1,1,"3","1","1",0,0,0,1,0,1,0,0,0,1,0,0,0.4,0,0
"92",42,1,2,"2","2","3",0,0,1,0,0,0,1,0,0,0,0,1,0.6,0.405465108108164,0
"93",42,1,3,"0","0","0",1,0,0,0,1,0,0,0,1,0,0,0,0.01,-3.68887945411394,1
"94",42,2,1,"2","3","1",0,0,1,0,0,0,0,1,0,1,0,0,0.01,0,0
"95",42,2,2,"1","1","3",0,1,0,0,0,1,0,0,0,0,0,1,0.99,4.59511985013459,0
"96",42,2,3,"0","0","0",1,0,0,0,1,0,0,0,1,0,0,0,0.01,0,1
"97",42,3,1,"3","2","3",0,0,0,1,0,0,1,0,0,0,0,1,0.2,0,0
"98",42,3,2,"1","3","2",0,1,0,0,0,0,0,1,0,0,1,0,0.3,0.405465108108164,0
"99",42,3,3,"0","0","0",1,0,0,0,1,0,0,0,1,0,0,0,0.5,0.916290731874155,1
"100",43,1,1,"1","1","3",0,1,0,0,0,1,0,0,0,0,0,1,0.7,0,0
"101",43,1,2,"2","2","1",0,0,1,0,0,0,1,0,0,1,0,0,0.3,-0.847297860387204,0
"102",43,1,3,"0","0","0",1,0,0,0,1,0,0,0,1,0,0,0,0.01,-4.24849524204936,1
"103",43,2,1,"2","2","1",0,0,1,0,0,0,1,0,0,1,0,0,0.8,0,0
"104",43,2,2,"3","3","2",0,0,0,1,0,0,0,1,0,0,1,0,0.2,-1.38629436111989,0
"105",43,2,3,"0","0","0",1,0,0,0,1,0,0,0,1,0,0,0,0.01,-4.38202663467388,1
"106",43,3,1,"1","2","2",0,1,0,0,0,0,1,0,0,0,1,0,0.8,0,0
"107",43,3,2,"3","1","1",0,0,0,1,0,1,0,0,0,1,0,0,0.2,-1.38629436111989,0
"108",43,3,3,"0","0","0",1,0,0,0,1,0,0,0,1,0,0,0,0.01,-4.38202663467388,1
"109",45,1,1,"1","1","3",0,1,0,0,0,1,0,0,0,0,0,1,0.8,0,0
"110",45,1,2,"2","3","2",0,0,1,0,0,0,0,1,0,0,1,0,0.2,-1.38629436111989,0
"111",45,1,3,"0","0","0",1,0,0,0,1,0,0,0,1,0,0,0,0.01,-4.38202663467388,1
"112",45,2,1,"2","1","2",0,0,1,0,0,1,0,0,0,0,1,0,0.7,0,0
"113",45,2,2,"3","2","3",0,0,0,1,0,0,1,0,0,0,0,1,0.3,-0.847297860387204,0
"114",45,2,3,"0","0","0",1,0,0,0,1,0,0,0,1,0,0,0,0.01,-4.24849524204936,1
"115",45,3,1,"3","1","1",0,0,0,1,0,1,0,0,0,1,0,0,0.1,0,0
"116",45,3,2,"1","2","2",0,1,0,0,0,0,1,0,0,0,1,0,0.9,2.19722457733622,0
"117",45,3,3,"0","0","0",1,0,0,0,1,0,0,0,1,0,0,0,0.01,-2.30258509299405,1
"118",50,1,1,"3","2","3",0,0,0,1,0,0,1,0,0,0,0,1,0.01,0,0
"119",50,1,2,"2","1","2",0,0,1,0,0,1,0,0,0,0,1,0,0.99,4.59511985013459,0
"120",50,1,3,"0","0","0",1,0,0,0,1,0,0,0,1,0,0,0,0.01,0,1
"121",50,2,1,"2","3","3",0,0,1,0,0,0,0,1,0,0,0,1,0.5,0,0
"122",50,2,2,"3","1","1",0,0,0,1,0,1,0,0,0,1,0,0,0.5,0,0
"123",50,2,3,"0","0","0",1,0,0,0,1,0,0,0,1,0,0,0,0.01,-3.91202300542815,1
"124",50,3,1,"1","2","2",0,1,0,0,0,0,1,0,0,0,1,0,0.99,0,0
"125",50,3,2,"3","1","1",0,0,0,1,0,1,0,0,0,1,0,0,0.01,-4.59511985013459,0
"126",50,3,3,"0","0","0",1,0,0,0,1,0,0,0,1,0,0,0,0.01,-4.59511985013459,1
"127",52,1,1,"1","1","3",0,1,0,0,0,1,0,0,0,0,0,1,0.7,0,0
"128",52,1,2,"3","3","2",0,0,0,1,0,0,0,1,0,0,1,0,0.3,-0.847297860387204,0
"129",52,1,3,"0","0","0",1,0,0,0,1,0,0,0,1,0,0,0,0.01,-4.24849524204936,1
"130",52,2,1,"3","1","1",0,0,0,1,0,1,0,0,0,1,0,0,0.4,0,0
"131",52,2,2,"2","2","3",0,0,1,0,0,0,1,0,0,0,0,1,0.6,0.405465108108164,0
"132",52,2,3,"0","0","0",1,0,0,0,1,0,0,0,1,0,0,0,0.01,-3.68887945411394,1
"133",52,3,1,"1","2","2",0,1,0,0,0,0,1,0,0,0,1,0,0.99,0,0
"134",52,3,2,"2","3","3",0,0,1,0,0,0,0,1,0,0,0,1,0.01,-4.59511985013459,0
"135",52,3,3,"0","0","0",1,0,0,0,1,0,0,0,1,0,0,0,0.01,-4.59511985013459,1
"136",57,1,1,"2","2","1",0,0,1,0,0,0,1,0,0,1,0,0,0.7,0,0
"137",57,1,2,"3","3","2",0,0,0,1,0,0,0,1,0,0,1,0,0.3,-0.847297860387204,0
"138",57,1,3,"0","0","0",1,0,0,0,1,0,0,0,1,0,0,0,0.01,-4.24849524204936,1
"139",57,2,1,"2","3","3",0,0,1,0,0,0,0,1,0,0,0,1,0.2,0,0
"140",57,2,2,"3","1","1",0,0,0,1,0,1,0,0,0,1,0,0,0.8,1.38629436111989,0
"141",57,2,3,"0","0","0",1,0,0,0,1,0,0,0,1,0,0,0,0.01,-2.99573227355399,1
"142",57,3,1,"2","1","2",0,0,1,0,0,1,0,0,0,0,1,0,0.5,0,0
"143",57,3,2,"3","2","3",0,0,0,1,0,0,1,0,0,0,0,1,0.3,-0.510825623765991,0
"144",57,3,3,"0","0","0",1,0,0,0,1,0,0,0,1,0,0,0,0.2,-0.916290731874155,1
"145",58,1,1,"1","1","3",0,1,0,0,0,1,0,0,0,0,0,1,0.8,0,0
"146",58,1,2,"3","3","2",0,0,0,1,0,0,0,1,0,0,1,0,0.2,-1.38629436111989,0
"147",58,1,3,"0","0","0",1,0,0,0,1,0,0,0,1,0,0,0,0.01,-4.38202663467388,1
"148",58,2,1,"2","1","2",0,0,1,0,0,1,0,0,0,0,1,0,0.99,0,0
"149",58,2,2,"1","3","1",0,1,0,0,0,0,0,1,0,1,0,0,0.01,-4.59511985013459,0
"150",58,2,3,"0","0","0",1,0,0,0,1,0,0,0,1,0,0,0,0.01,-4.59511985013459,1
"151",58,3,1,"3","2","3",0,0,0,1,0,0,1,0,0,0,0,1,0.6,0,0
"152",58,3,2,"1","3","1",0,1,0,0,0,0,0,1,0,1,0,0,0.4,-0.405465108108164,0
"153",58,3,3,"0","0","0",1,0,0,0,1,0,0,0,1,0,0,0,0.01,-4.0943445622221,1
"154",59,1,1,"1","2","2",0,1,0,0,0,0,1,0,0,0,1,0,0.01,0,0
"155",59,1,2,"3","1","1",0,0,0,1,0,1,0,0,0,1,0,0,0.99,4.59511985013459,0
"156",59,1,3,"0","0","0",1,0,0,0,1,0,0,0,1,0,0,0,0.01,0,1
"157",59,2,1,"1","2","2",0,1,0,0,0,0,1,0,0,0,1,0,0.99,0,0
"158",59,2,2,"2","3","3",0,0,1,0,0,0,0,1,0,0,0,1,0.01,-4.59511985013459,0
"159",59,2,3,"0","0","0",1,0,0,0,1,0,0,0,1,0,0,0,0.01,-4.59511985013459,1
"160",59,3,1,"2","2","1",0,0,1,0,0,0,1,0,0,1,0,0,0.01,0,0
"161",59,3,2,"1","1","3",0,1,0,0,0,1,0,0,0,0,0,1,0.99,4.59511985013459,0
"162",59,3,3,"0","0","0",1,0,0,0,1,0,0,0,1,0,0,0,0.01,0,1
"163",61,1,1,"2","3","2",0,0,1,0,0,0,0,1,0,0,1,0,0.01,0,0
"164",61,1,2,"1","1","3",0,1,0,0,0,1,0,0,0,0,0,1,0.99,4.59511985013459,0
"165",61,1,3,"0","0","0",1,0,0,0,1,0,0,0,1,0,0,0,0.01,0,1
"166",61,2,1,"1","3","1",0,1,0,0,0,0,0,1,0,1,0,0,0.01,0,0
"167",61,2,2,"3","2","3",0,0,0,1,0,0,1,0,0,0,0,1,0.01,0,0
"168",61,2,3,"0","0","0",1,0,0,0,1,0,0,0,1,0,0,0,0.99,4.59511985013459,1
"169",61,3,1,"2","1","2",0,0,1,0,0,1,0,0,0,0,1,0,0.8,0,0
"170",61,3,2,"3","2","1",0,0,0,1,0,0,1,0,0,1,0,0,0.2,-1.38629436111989,0
"171",61,3,3,"0","0","0",1,0,0,0,1,0,0,0,1,0,0,0,0.01,-4.38202663467388,1
"172",65,1,1,"3","1","1",0,0,0,1,0,1,0,0,0,1,0,0,0.01,0,0
"173",65,1,2,"1","2","2",0,1,0,0,0,0,1,0,0,0,1,0,0.99,4.59511985013459,0
"174",65,1,3,"0","0","0",1,0,0,0,1,0,0,0,1,0,0,0,0.01,0,1
"175",65,2,1,"1","3","1",0,1,0,0,0,0,0,1,0,1,0,0,0.99,0,0
"176",65,2,2,"3","2","3",0,0,0,1,0,0,1,0,0,0,0,1,0.01,-4.59511985013459,0
"177",65,2,3,"0","0","0",1,0,0,0,1,0,0,0,1,0,0,0,0.01,-4.59511985013459,1
"178",65,3,1,"1","3","1",0,1,0,0,0,0,0,1,0,1,0,0,0.9,0,0
"179",65,3,2,"2","1","2",0,0,1,0,0,1,0,0,0,0,1,0,0.1,-2.19722457733622,0
"180",65,3,3,"0","0","0",1,0,0,0,1,0,0,0,1,0,0,0,0.01,-4.49980967033027,1
"181",68,1,1,"1","1","3",0,1,0,0,0,1,0,0,0,0,0,1,0.7,0,0
"182",68,1,2,"2","2","1",0,0,1,0,0,0,1,0,0,1,0,0,0.3,-0.847297860387204,0
"183",68,1,3,"0","0","0",1,0,0,0,1,0,0,0,1,0,0,0,0.01,-4.24849524204936,1
"184",68,2,1,"3","2","3",0,0,0,1,0,0,1,0,0,0,0,1,0.4,0,0
"185",68,2,2,"1","3","1",0,1,0,0,0,0,0,1,0,1,0,0,0.6,0.405465108108164,0
"186",68,2,3,"0","0","0",1,0,0,0,1,0,0,0,1,0,0,0,0.01,-3.68887945411394,1
"187",68,3,1,"2","2","1",0,0,1,0,0,0,1,0,0,1,0,0,0.3,0,0
"188",68,3,2,"3","3","2",0,0,0,1,0,0,0,1,0,0,1,0,0.2,-0.405465108108164,0
"189",68,3,3,"0","0","0",1,0,0,0,1,0,0,0,1,0,0,0,0.5,0.510825623765991,1
"190",69,1,1,"2","1","2",0,0,1,0,0,1,0,0,0,0,1,0,0.3,0,0
"191",69,1,2,"1","3","1",0,1,0,0,0,0,0,1,0,1,0,0,0.7,0.847297860387204,0
"192",69,1,3,"0","0","0",1,0,0,0,1,0,0,0,1,0,0,0,0.01,-3.40119738166216,1
"193",69,2,1,"3","1","1",0,0,0,1,0,1,0,0,0,1,0,0,0.01,0,0
"194",69,2,2,"2","2","3",0,0,1,0,0,0,1,0,0,0,0,1,0.3,3.40119738166216,0
"195",69,2,3,"0","0","0",1,0,0,0,1,0,0,0,1,0,0,0,0.7,4.24849524204936,1
"196",69,3,1,"1","1","3",0,1,0,0,0,1,0,0,0,0,0,1,0.99,0,0
"197",69,3,2,"3","3","2",0,0,0,1,0,0,0,1,0,0,1,0,0.01,-4.59511985013459,0
"198",69,3,3,"0","0","0",1,0,0,0,1,0,0,0,1,0,0,0,0.01,-4.59511985013459,1
"199",74,1,1,"1","3","1",0,1,0,0,0,0,0,1,0,1,0,0,0.8,0,0
"200",74,1,2,"2","1","2",0,0,1,0,0,1,0,0,0,0,1,0,0.2,-1.38629436111989,0
"201",74,1,3,"0","0","0",1,0,0,0,1,0,0,0,1,0,0,0,0.01,-4.38202663467388,1
"202",74,2,1,"2","3","3",0,0,1,0,0,0,0,1,0,0,0,1,0.7,0,0
"203",74,2,2,"3","1","1",0,0,0,1,0,1,0,0,0,1,0,0,0.3,-0.847297860387204,0
"204",74,2,3,"0","0","0",1,0,0,0,1,0,0,0,1,0,0,0,0.01,-4.24849524204936,1
"205",74,3,1,"3","1","1",0,0,0,1,0,1,0,0,0,1,0,0,0.1,0,0
"206",74,3,2,"1","2","2",0,1,0,0,0,0,1,0,0,0,1,0,0.9,2.19722457733622,0
"207",74,3,3,"0","0","0",1,0,0,0,1,0,0,0,1,0,0,0,0.01,-2.30258509299405,1
"208",78,1,1,"3","1","1",0,0,0,1,0,1,0,0,0,1,0,0,0.01,0,0
"209",78,1,2,"1","2","2",0,1,0,0,0,0,1,0,0,0,1,0,0.99,4.59511985013459,0
"210",78,1,3,"0","0","0",1,0,0,0,1,0,0,0,1,0,0,0,0.01,0,1
"211",78,2,1,"1","1","3",0,1,0,0,0,1,0,0,0,0,0,1,0.99,0,0
"212",78,2,2,"3","3","2",0,0,0,1,0,0,0,1,0,0,1,0,0.01,-4.59511985013459,0
"213",78,2,3,"0","0","0",1,0,0,0,1,0,0,0,1,0,0,0,0.01,-4.59511985013459,1
"214",78,3,1,"1","1","3",0,1,0,0,0,1,0,0,0,0,0,1,0.8,0,0
"215",78,3,2,"2","2","1",0,0,1,0,0,0,1,0,0,1,0,0,0.2,-1.38629436111989,0
"216",78,3,3,"0","0","0",1,0,0,0,1,0,0,0,1,0,0,0,0.01,-4.38202663467388,1
"217",82,1,1,"1","2","2",0,1,0,0,0,0,1,0,0,0,1,0,0.7,0,0
"218",82,1,2,"3","1","1",0,0,0,1,0,1,0,0,0,1,0,0,0.3,-0.847297860387204,0
"219",82,1,3,"0","0","0",1,0,0,0,1,0,0,0,1,0,0,0,0.01,-4.24849524204936,1
"220",82,2,1,"3","3","2",0,0,0,1,0,0,0,1,0,0,1,0,0.3,0,0
"221",82,2,2,"2","2","1",0,0,1,0,0,0,1,0,0,1,0,0,0.7,0.847297860387204,0
"222",82,2,3,"0","0","0",1,0,0,0,1,0,0,0,1,0,0,0,0.01,-3.40119738166216,1
"223",82,3,1,"2","3","3",0,0,1,0,0,0,0,1,0,0,0,1,0.2,0,0
"224",82,3,2,"3","1","1",0,0,0,1,0,1,0,0,0,1,0,0,0.8,1.38629436111989,0
"225",82,3,3,"0","0","0",1,0,0,0,1,0,0,0,1,0,0,0,0.01,-2.99573227355399,1
"226",83,1,1,"2","3","3",0,0,1,0,0,0,0,1,0,0,0,1,0.3,0,0
"227",83,1,2,"1","2","2",0,1,0,0,0,0,1,0,0,0,1,0,0.5,0.510825623765991,0
"228",83,1,3,"0","0","0",1,0,0,0,1,0,0,0,1,0,0,0,0.2,-0.405465108108164,1
"229",83,2,1,"2","1","2",0,0,1,0,0,1,0,0,0,0,1,0,0.5,0,0
"230",83,2,2,"1","3","1",0,1,0,0,0,0,0,1,0,1,0,0,0.3,-0.510825623765991,0
"231",83,2,3,"0","0","0",1,0,0,0,1,0,0,0,1,0,0,0,0.2,-0.916290731874155,1
"232",83,3,1,"2","1","2",0,0,1,0,0,1,0,0,0,0,1,0,0.4,0,0
"233",83,3,2,"3","2","3",0,0,0,1,0,0,1,0,0,0,0,1,0.2,-0.693147180559945,0
"234",83,3,3,"0","0","0",1,0,0,0,1,0,0,0,1,0,0,0,0.4,0,1
"235",88,1,1,"3","1","1",0,0,0,1,0,1,0,0,0,1,0,0,0.3,0,0
"236",88,1,2,"1","2","2",0,1,0,0,0,0,1,0,0,0,1,0,0.7,0.847297860387204,0
"237",88,1,3,"0","0","0",1,0,0,0,1,0,0,0,1,0,0,0,0.01,-3.40119738166216,1
"238",88,2,1,"2","2","1",0,0,1,0,0,0,1,0,0,1,0,0,0.99,0,0
"239",88,2,2,"3","3","2",0,0,0,1,0,0,0,1,0,0,1,0,0.01,-4.59511985013459,0
"240",88,2,3,"0","0","0",1,0,0,0,1,0,0,0,1,0,0,0,0.01,-4.59511985013459,1
"241",88,3,1,"3","1","1",0,0,0,1,0,1,0,0,0,1,0,0,0.5,0,0
"242",88,3,2,"2","3","3",0,0,1,0,0,0,0,1,0,0,0,1,0.4,-0.22314355131421,0
"243",88,3,3,"0","0","0",1,0,0,0,1,0,0,0,1,0,0,0,0.1,-1.6094379124341,1
"244",89,1,1,"1","2","2",0,1,0,0,0,0,1,0,0,0,1,0,0.8,0,0
"245",89,1,2,"2","3","3",0,0,1,0,0,0,0,1,0,0,0,1,0.2,-1.38629436111989,0
"246",89,1,3,"0","0","0",1,0,0,0,1,0,0,0,1,0,0,0,0.01,-4.38202663467388,1
"247",89,2,1,"2","1","2",0,0,1,0,0,1,0,0,0,0,1,0,0.9,0,0
"248",89,2,2,"1","3","1",0,1,0,0,0,0,0,1,0,1,0,0,0.1,-2.19722457733622,0
"249",89,2,3,"0","0","0",1,0,0,0,1,0,0,0,1,0,0,0,0.01,-4.49980967033027,1
"250",89,3,1,"3","2","3",0,0,0,1,0,0,1,0,0,0,0,1,0.1,0,0
"251",89,3,2,"2","1","2",0,0,1,0,0,1,0,0,0,0,1,0,0.9,2.19722457733622,0
"252",89,3,3,"0","0","0",1,0,0,0,1,0,0,0,1,0,0,0,0.01,-2.30258509299405,1
"253",92,1,1,"2","1","2",0,0,1,0,0,1,0,0,0,0,1,0,0.6,0,0
"254",92,1,2,"3","2","3",0,0,0,1,0,0,1,0,0,0,0,1,0.4,-0.405465108108164,0
"255",92,1,3,"0","0","0",1,0,0,0,1,0,0,0,1,0,0,0,0.01,-4.0943445622221,1
"256",92,2,1,"1","3","1",0,1,0,0,0,0,0,1,0,1,0,0,0.01,0,0
"257",92,2,2,"2","1","2",0,0,1,0,0,1,0,0,0,0,1,0,0.99,4.59511985013459,0
"258",92,2,3,"0","0","0",1,0,0,0,1,0,0,0,1,0,0,0,0.01,0,1
"259",92,3,1,"1","2","2",0,1,0,0,0,0,1,0,0,0,1,0,0.8,0,0
"260",92,3,2,"2","3","3",0,0,1,0,0,0,0,1,0,0,0,1,0.2,-1.38629436111989,0
"261",92,3,3,"0","0","0",1,0,0,0,1,0,0,0,1,0,0,0,0.01,-4.38202663467388,1
"262",93,1,1,"3","1","1",0,0,0,1,0,1,0,0,0,1,0,0,0.8,0,0
"263",93,1,2,"1","2","3",0,1,0,0,0,0,1,0,0,0,0,1,0.2,-1.38629436111989,0
"264",93,1,3,"0","0","0",1,0,0,0,1,0,0,0,1,0,0,0,0.01,-4.38202663467388,1
"265",93,2,1,"3","3","2",0,0,0,1,0,0,0,1,0,0,1,0,0.01,0,0
"266",93,2,2,"2","2","1",0,0,1,0,0,0,1,0,0,1,0,0,0.99,4.59511985013459,0
"267",93,2,3,"0","0","0",1,0,0,0,1,0,0,0,1,0,0,0,0.01,0,1
"268",93,3,1,"3","3","2",0,0,0,1,0,0,0,1,0,0,1,0,0.5,0,0
"269",93,3,2,"1","1","3",0,1,0,0,0,1,0,0,0,0,0,1,0.2,-0.916290731874155,0
"270",93,3,3,"0","0","0",1,0,0,0,1,0,0,0,1,0,0,0,0.3,-0.510825623765991,1
"271",94,1,1,"2","2","1",0,0,1,0,0,0,1,0,0,1,0,0,0.1,0,0
"272",94,1,2,"1","1","3",0,1,0,0,0,1,0,0,0,0,0,1,0.9,2.19722457733622,0
"273",94,1,3,"0","0","0",1,0,0,0,1,0,0,0,1,0,0,0,0.01,-2.30258509299405,1
"274",94,2,1,"1","3","1",0,1,0,0,0,0,0,1,0,1,0,0,0.99,0,0
"275",94,2,2,"3","2","3",0,0,0,1,0,0,1,0,0,0,0,1,0.01,-4.59511985013459,0
"276",94,2,3,"0","0","0",1,0,0,0,1,0,0,0,1,0,0,0,0.01,-4.59511985013459,1
"277",94,3,1,"3","3","3",0,0,0,1,0,0,0,1,0,0,0,1,0.01,0,0
"278",94,3,2,"2","1","2",0,0,1,0,0,1,0,0,0,0,1,0,0.99,4.59511985013459,0
"279",94,3,3,"0","0","0",1,0,0,0,1,0,0,0,1,0,0,0,0.01,0,1
"280",96,1,1,"1","2","2",0,1,0,0,0,0,1,0,0,0,1,0,0.4,0,0
"281",96,1,2,"2","3","3",0,0,1,0,0,0,0,1,0,0,0,1,0.6,0.405465108108164,0
"282",96,1,3,"0","0","0",1,0,0,0,1,0,0,0,1,0,0,0,0.01,-3.68887945411394,1
"283",96,2,1,"1","1","3",0,1,0,0,0,1,0,0,0,0,0,1,0.6,0,0
"284",96,2,2,"2","2","1",0,0,1,0,0,0,1,0,0,1,0,0,0.4,-0.405465108108164,0
"285",96,2,3,"0","0","0",1,0,0,0,1,0,0,0,1,0,0,0,0.01,-4.0943445622221,1
"286",96,3,1,"3","3","2",0,0,0,1,0,0,0,1,0,0,1,0,0.2,0,0
"287",96,3,2,"1","1","3",0,1,0,0,0,1,0,0,0,0,0,1,0.8,1.38629436111989,0
"288",96,3,3,"0","0","0",1,0,0,0,1,0,0,0,1,0,0,0,0.01,-2.99573227355399,1
"289",98,1,1,"2","3","3",0,0,1,0,0,0,0,1,0,0,0,1,0.01,0,0
"290",98,1,2,"1","2","2",0,1,0,0,0,0,1,0,0,0,1,0,0.99,4.59511985013459,0
"291",98,1,3,"0","0","0",1,0,0,0,1,0,0,0,1,0,0,0,0.01,0,1
"292",98,2,1,"2","2","3",0,0,1,0,0,0,1,0,0,0,0,1,0.6,0,0
"293",98,2,2,"3","1","1",0,0,0,1,0,1,0,0,0,1,0,0,0.4,-0.405465108108164,0
"294",98,2,3,"0","0","0",1,0,0,0,1,0,0,0,1,0,0,0,0.01,-4.0943445622221,1
"295",98,3,1,"3","3","2",0,0,0,1,0,0,0,1,0,0,1,0,0.01,0,0
"296",98,3,2,"1","1","3",0,1,0,0,0,1,0,0,0,0,0,1,0.99,4.59511985013459,0
"297",98,3,3,"0","0","0",1,0,0,0,1,0,0,0,1,0,0,0,0.01,0,1
"298",102,1,1,"3","3","2",0,0,0,1,0,0,0,1,0,0,1,0,0.2,0,0
"299",102,1,2,"1","1","3",0,1,0,0,0,1,0,0,0,0,0,1,0.8,1.38629436111989,0
"300",102,1,3,"0","0","0",1,0,0,0,1,0,0,0,1,0,0,0,0.01,-2.99573227355399,1
"301",102,2,1,"1","3","1",0,1,0,0,0,0,0,1,0,1,0,0,0.3,0,0
"302",102,2,2,"2","1","2",0,0,1,0,0,1,0,0,0,0,1,0,0.7,0.847297860387204,0
"303",102,2,3,"0","0","0",1,0,0,0,1,0,0,0,1,0,0,0,0.01,-3.40119738166216,1
"304",102,3,1,"1","3","1",0,1,0,0,0,0,0,1,0,1,0,0,0.8,0,0
"305",102,3,2,"3","2","3",0,0,0,1,0,0,1,0,0,0,0,1,0.2,-1.38629436111989,0
"306",102,3,3,"0","0","0",1,0,0,0,1,0,0,0,1,0,0,0,0.01,-4.38202663467388,1
"307",106,1,1,"1","2","2",0,1,0,0,0,0,1,0,0,0,1,0,0.7,0,0
"308",106,1,2,"3","1","1",0,0,0,1,0,1,0,0,0,1,0,0,0.3,-0.847297860387204,0
"309",106,1,3,"0","0","0",1,0,0,0,1,0,0,0,1,0,0,0,0.01,-4.24849524204936,1
"310",106,2,1,"2","3","3",0,0,1,0,0,0,0,1,0,0,0,1,0.01,0,0
"311",106,2,2,"1","2","2",0,1,0,0,0,0,1,0,0,0,1,0,0.99,4.59511985013459,0
"312",106,2,3,"0","0","0",1,0,0,0,1,0,0,0,1,0,0,0,0.01,0,1
"313",106,3,1,"3","2","3",0,0,0,1,0,0,1,0,0,0,0,1,0.01,0,0
"314",106,3,2,"2","1","2",0,0,1,0,0,1,0,0,0,0,1,0,0.8,4.38202663467388,0
"315",106,3,3,"0","0","0",1,0,0,0,1,0,0,0,1,0,0,0,0.2,2.99573227355399,1
"316",110,1,1,"2","3","3",0,0,1,0,0,0,0,1,0,0,0,1,0.2,0,0
"317",110,1,2,"3","1","1",0,0,0,1,0,1,0,0,0,1,0,0,0.8,1.38629436111989,0
"318",110,1,3,"0","0","0",1,0,0,0,1,0,0,0,1,0,0,0,0.01,-2.99573227355399,1
"319",110,2,1,"2","2","1",0,0,1,0,0,0,1,0,0,1,0,0,0.4,0,0
"320",110,2,2,"1","1","3",0,1,0,0,0,1,0,0,0,0,0,1,0.6,0.405465108108164,0
"321",110,2,3,"0","0","0",1,0,0,0,1,0,0,0,1,0,0,0,0.01,-3.68887945411394,1
"322",110,3,1,"1","1","3",0,1,0,0,0,1,0,0,0,0,0,1,0.7,0,0
"323",110,3,2,"3","3","2",0,0,0,1,0,0,0,1,0,0,1,0,0.3,-0.847297860387204,0
"324",110,3,3,"0","0","0",1,0,0,0,1,0,0,0,1,0,0,0,0.01,-4.24849524204936,1
"325",112,1,1,"1","2","2",0,1,0,0,0,0,1,0,0,0,1,0,0.7,0,0
"326",112,1,2,"3","1","1",0,0,0,1,0,1,0,0,0,1,0,0,0.3,-0.847297860387204,0
"327",112,1,3,"0","0","0",1,0,0,0,1,0,0,0,1,0,0,0,0.01,-4.24849524204936,1
"328",112,2,1,"1","2","2",0,1,0,0,0,0,1,0,0,0,1,0,0.99,0,0
"329",112,2,2,"2","3","3",0,0,1,0,0,0,0,1,0,0,0,1,0.01,-4.59511985013459,0
"330",112,2,3,"0","0","0",1,0,0,0,1,0,0,0,1,0,0,0,0.01,-4.59511985013459,1
"331",112,3,1,"2","3","3",0,0,1,0,0,0,0,1,0,0,0,1,0.01,0,0
"332",112,3,2,"3","1","1",0,0,0,1,0,1,0,0,0,1,0,0,0.3,3.40119738166216,0
"333",112,3,3,"0","0","0",1,0,0,0,1,0,0,0,1,0,0,0,0.7,4.24849524204936,1
"334",120,1,1,"1","1","3",0,1,0,0,0,1,0,0,0,0,0,1,0.7,0,0
"335",120,1,2,"3","3","2",0,0,0,1,0,0,0,1,0,0,1,0,0.3,-0.847297860387204,0
"336",120,1,3,"0","0","0",1,0,0,0,1,0,0,0,1,0,0,0,0.01,-4.24849524204936,1
"337",120,2,1,"1","3","1",0,1,0,0,0,0,0,1,0,1,0,0,0.4,0,0
"338",120,2,2,"2","1","2",0,0,1,0,0,1,0,0,0,0,1,0,0.6,0.405465108108164,0
"339",120,2,3,"0","0","0",1,0,0,0,1,0,0,0,1,0,0,0,0.01,-3.68887945411394,1
"340",120,3,1,"1","3","1",0,1,0,0,0,0,0,1,0,1,0,0,0.7,0,0
"341",120,3,2,"3","2","3",0,0,0,1,0,0,1,0,0,0,0,1,0.3,-0.847297860387204,0
"342",120,3,3,"0","0","0",1,0,0,0,1,0,0,0,1,0,0,0,0.01,-4.24849524204936,1
"343",124,1,1,"1","2","2",0,1,0,0,0,0,1,0,0,0,1,0,0.8,0,0
"344",124,1,2,"3","1","1",0,0,0,1,0,1,0,0,0,1,0,0,0.2,-1.38629436111989,0
"345",124,1,3,"0","0","0",1,0,0,0,1,0,0,0,1,0,0,0,0.01,-4.38202663467388,1
"346",124,2,1,"2","3","3",0,0,1,0,0,0,0,1,0,0,0,1,0.2,0,0
"347",124,2,2,"1","2","2",0,1,0,0,0,0,1,0,0,0,1,0,0.8,1.38629436111989,0
"348",124,2,3,"0","0","0",1,0,0,0,1,0,0,0,1,0,0,0,0.01,-2.99573227355399,1
"349",124,3,1,"2","1","2",0,0,1,0,0,1,0,0,0,0,1,0,0.8,0,0
"350",124,3,2,"3","2","3",0,0,0,1,0,0,1,0,0,0,0,1,0.2,-1.38629436111989,0
"351",124,3,3,"0","0","0",1,0,0,0,1,0,0,0,1,0,0,0,0.01,-4.38202663467388,1
"352",125,1,1,"2","3","3",0,0,1,0,0,0,0,1,0,0,0,1,0.6,0,0
"353",125,1,2,"3","1","1",0,0,0,1,0,1,0,0,0,1,0,0,0.4,-0.405465108108164,0
"354",125,1,3,"0","0","0",1,0,0,0,1,0,0,0,1,0,0,0,0.01,-4.0943445622221,1
"355",125,2,1,"2","2","1",0,0,1,0,0,0,1,0,0,1,0,0,0.01,0,0
"356",125,2,2,"1","1","3",0,1,0,0,0,1,0,0,0,0,0,1,0.99,4.59511985013459,0
"357",125,2,3,"0","0","0",1,0,0,0,1,0,0,0,1,0,0,0,0.01,0,1
"358",125,3,1,"3","3","2",0,0,0,1,0,0,0,1,0,0,1,0,0.3,0,0
"359",125,3,2,"2","2","1",0,0,1,0,0,0,1,0,0,1,0,0,0.7,0.847297860387204,0
"360",125,3,3,"0","0","0",1,0,0,0,1,0,0,0,1,0,0,0,0.01,-3.40119738166216,1
"361",128,1,1,"2","1","2",0,0,1,0,0,1,0,0,0,0,1,0,0.99,0,0
"362",128,1,2,"3","2","3",0,0,0,1,0,0,1,0,0,0,0,1,0.01,-4.59511985013459,0
"363",128,1,3,"0","0","0",1,0,0,0,1,0,0,0,1,0,0,0,0.01,-4.59511985013459,1
"364",128,2,1,"1","1","3",0,1,0,0,0,1,0,0,0,0,0,1,0.2,0,0
"365",128,2,2,"2","2","1",0,0,1,0,0,0,1,0,0,1,0,0,0.8,1.38629436111989,0
"366",128,2,3,"0","0","0",1,0,0,0,1,0,0,0,1,0,0,0,0.01,-2.99573227355399,1
"367",128,3,1,"2","2","1",0,0,1,0,0,0,1,0,0,1,0,0,0.99,0,0
"368",128,3,2,"3","3","2",0,0,0,1,0,0,0,1,0,0,1,0,0.01,-4.59511985013459,0
"369",128,3,3,"0","0","0",1,0,0,0,1,0,0,0,1,0,0,0,0.01,-4.59511985013459,1
"370",136,1,1,"1","2","2",0,1,0,0,0,0,1,0,0,0,1,0,0.6,0,0
"371",136,1,2,"3","1","1",0,0,0,1,0,1,0,0,0,1,0,0,0.4,-0.405465108108164,0
"372",136,1,3,"0","0","0",1,0,0,0,1,0,0,0,1,0,0,0,0.01,-4.0943445622221,1
"373",136,2,1,"2","3","3",0,0,1,0,0,0,0,1,0,0,0,1,0.3,0,0
"374",136,2,2,"1","2","2",0,1,0,0,0,0,1,0,0,0,1,0,0.7,0.847297860387204,0
"375",136,2,3,"0","0","0",1,0,0,0,1,0,0,0,1,0,0,0,0.01,-3.40119738166216,1
"376",136,3,1,"2","1","2",0,0,1,0,0,1,0,0,0,0,1,0,0.7,0,0
"377",136,3,2,"3","2","3",0,0,0,1,0,0,1,0,0,0,0,1,0.3,-0.847297860387204,0
"378",136,3,3,"0","0","0",1,0,0,0,1,0,0,0,1,0,0,0,0.01,-4.24849524204936,1
"379",138,1,1,"2","2","1",0,0,1,0,0,0,1,0,0,1,0,0,0.99,0,0
"380",138,1,2,"3","3","2",0,0,0,1,0,0,0,1,0,0,1,0,0.01,-4.59511985013459,0
"381",138,1,3,"0","0","0",1,0,0,0,1,0,0,0,1,0,0,0,0.01,-4.59511985013459,1
"382",138,2,1,"2","1","2",0,0,1,0,0,1,0,0,0,0,1,0,0.2,0,0
"383",138,2,2,"1","3","1",0,1,0,0,0,0,0,1,0,1,0,0,0.8,1.38629436111989,0
"384",138,2,3,"0","0","0",1,0,0,0,1,0,0,0,1,0,0,0,0.01,-2.99573227355399,1
"385",138,3,1,"3","2","3",0,0,0,1,0,0,1,0,0,0,0,1,0.01,0,0
"386",138,3,2,"1","3","1",0,1,0,0,0,0,0,1,0,1,0,0,0.7,4.24849524204936,0
"387",138,3,3,"0","0","0",1,0,0,0,1,0,0,0,1,0,0,0,0.3,3.40119738166216,1
"388",141,1,1,"2","2","1",0,0,1,0,0,0,1,0,0,1,0,0,0.99,0,0
"389",141,1,2,"3","3","2",0,0,0,1,0,0,0,1,0,0,1,0,0.01,-4.59511985013459,0
"390",141,1,3,"0","0","0",1,0,0,0,1,0,0,0,1,0,0,0,0.01,-4.59511985013459,1
"391",141,2,1,"1","3","1",0,1,0,0,0,0,0,1,0,1,0,0,0.8,0,0
"392",141,2,2,"2","1","2",0,0,1,0,0,1,0,0,0,0,1,0,0.2,-1.38629436111989,0
"393",141,2,3,"0","0","0",1,0,0,0,1,0,0,0,1,0,0,0,0.01,-4.38202663467388,1
"394",141,3,1,"1","3","1",0,1,0,0,0,0,0,1,0,1,0,0,0.99,0,0
"395",141,3,2,"3","2","3",0,0,0,1,0,0,1,0,0,0,0,1,0.01,-4.59511985013459,0
"396",141,3,3,"0","0","0",1,0,0,0,1,0,0,0,1,0,0,0,0.01,-4.59511985013459,1
"397",143,1,1,"2","3","3",0,0,1,0,0,0,0,1,0,0,0,1,0.4,0,0
"398",143,1,2,"1","2","2",0,1,0,0,0,0,1,0,0,0,1,0,0.6,0.405465108108164,0
"399",143,1,3,"0","0","0",1,0,0,0,1,0,0,0,1,0,0,0,0.01,-3.68887945411394,1
"400",143,2,1,"2","2","1",0,0,1,0,0,0,1,0,0,1,0,0,0.4,0,0
"401",143,2,2,"1","1","3",0,1,0,0,0,1,0,0,0,0,0,1,0.6,0.405465108108164,0
"402",143,2,3,"0","0","0",1,0,0,0,1,0,0,0,1,0,0,0,0.01,-3.68887945411394,1
"403",143,3,1,"3","3","2",0,0,0,1,0,0,0,1,0,0,1,0,0.3,0,0
"404",143,3,2,"1","1","3",0,1,0,0,0,1,0,0,0,0,0,1,0.7,0.847297860387204,0
"405",143,3,3,"0","0","0",1,0,0,0,1,0,0,0,1,0,0,0,0.01,-3.40119738166216,1
"406",146,1,1,"1","2","2",0,1,0,0,0,0,1,0,0,0,1,0,0.9,0,0
"407",146,1,2,"2","3","3",0,0,1,0,0,0,0,1,0,0,0,1,0.1,-2.19722457733622,0
"408",146,1,3,"0","0","0",1,0,0,0,1,0,0,0,1,0,0,0,0.01,-4.49980967033027,1
"409",146,2,1,"1","1","3",0,1,0,0,0,1,0,0,0,0,0,1,0.6,0,0
"410",146,2,2,"2","2","1",0,0,1,0,0,0,1,0,0,1,0,0,0.4,-0.405465108108164,0
"411",146,2,3,"0","0","0",1,0,0,0,1,0,0,0,1,0,0,0,0.01,-4.0943445622221,1
"412",146,3,1,"1","1","3",0,1,0,0,0,1,0,0,0,0,0,1,0.6,0,0
"413",146,3,2,"3","3","2",0,0,0,1,0,0,0,1,0,0,1,0,0.4,-0.405465108108164,0
"414",146,3,3,"0","0","0",1,0,0,0,1,0,0,0,1,0,0,0,0.01,-4.0943445622221,1
"415",148,1,1,"3","1","1",0,0,0,1,0,1,0,0,0,1,0,0,0.3,0,0
"416",148,1,2,"1","2","2",0,1,0,0,0,0,1,0,0,0,1,0,0.7,0.847297860387204,0
"417",148,1,3,"0","0","0",1,0,0,0,1,0,0,0,1,0,0,0,0.01,-3.40119738166216,1
"418",148,2,1,"2","3","3",0,0,1,0,0,0,0,1,0,0,0,1,0.01,0,0
"419",148,2,2,"1","2","2",0,1,0,0,0,0,1,0,0,0,1,0,0.99,4.59511985013459,0
"420",148,2,3,"0","0","0",1,0,0,0,1,0,0,0,1,0,0,0,0.01,0,1
"421",148,3,1,"3","2","3",0,0,0,1,0,0,1,0,0,0,0,1,0.01,0,0
"422",148,3,2,"2","1","2",0,0,1,0,0,1,0,0,0,0,1,0,0.6,4.0943445622221,0
"423",148,3,3,"0","0","0",1,0,0,0,1,0,0,0,1,0,0,0,0.4,3.68887945411394,1
"424",158,1,1,"2","3","3",0,0,1,0,0,0,0,1,0,0,0,1,0.3,0,0
"425",158,1,2,"3","1","1",0,0,0,1,0,1,0,0,0,1,0,0,0.7,0.847297860387204,0
"426",158,1,3,"0","0","0",1,0,0,0,1,0,0,0,1,0,0,0,0.01,-3.40119738166216,1
"427",158,2,1,"1","1","3",0,1,0,0,0,1,0,0,0,0,0,1,0.8,0,0
"428",158,2,2,"2","2","1",0,0,1,0,0,0,1,0,0,1,0,0,0.2,-1.38629436111989,0
"429",158,2,3,"0","0","0",1,0,0,0,1,0,0,0,1,0,0,0,0.01,-4.38202663467388,1
"430",158,3,1,"2","2","1",0,0,1,0,0,0,1,0,0,1,0,0,0.7,0,0
"431",158,3,2,"3","3","2",0,0,0,1,0,0,0,1,0,0,1,0,0.3,-0.847297860387204,0
"432",158,3,3,"0","0","0",1,0,0,0,1,0,0,0,1,0,0,0,0.01,-4.24849524204936,1
"433",161,1,1,"2","1","2",0,0,1,0,0,1,0,0,0,0,1,0,0.99,0,0
"434",161,1,2,"3","2","3",0,0,0,1,0,0,1,0,0,0,0,1,0.01,-4.59511985013459,0
"435",161,1,3,"0","0","0",1,0,0,0,1,0,0,0,1,0,0,0,0.01,-4.59511985013459,1
"436",161,2,1,"2","2","1",0,0,1,0,0,0,1,0,0,1,0,0,0.6,0,0
"437",161,2,2,"1","1","3",0,1,0,0,0,1,0,0,0,0,0,1,0.4,-0.405465108108164,0
"438",161,2,3,"0","0","0",1,0,0,0,1,0,0,0,1,0,0,0,0.01,-4.0943445622221,1
"439",161,3,1,"1","1","3",0,1,0,0,0,1,0,0,0,0,0,1,0.99,0,0
"440",161,3,2,"3","3","2",0,0,0,1,0,0,0,1,0,0,1,0,0.01,-4.59511985013459,0
"441",161,3,3,"0","0","0",1,0,0,0,1,0,0,0,1,0,0,0,0.01,-4.59511985013459,1
"442",167,1,1,"2","3","3",0,0,1,0,0,0,0,1,0,0,0,1,0.01,0,0
"443",167,1,2,"1","2","2",0,1,0,0,0,0,1,0,0,0,1,0,0.99,4.59511985013459,0
"444",167,1,3,"0","0","0",1,0,0,0,1,0,0,0,1,0,0,0,0.01,0,1
"445",167,2,1,"2","2","1",0,0,1,0,0,0,1,0,0,1,0,0,0.4,0,0
"446",167,2,2,"1","1","3",0,1,0,0,0,1,0,0,0,0,0,1,0.6,0.405465108108164,0
"447",167,2,3,"0","0","0",1,0,0,0,1,0,0,0,1,0,0,0,0.01,-3.68887945411394,1
"448",167,3,1,"1","1","3",0,1,0,0,0,1,0,0,0,0,0,1,0.99,0,0
"449",167,3,2,"3","3","2",0,0,0,1,0,0,0,1,0,0,1,0,0.01,-4.59511985013459,0
"450",167,3,3,"0","0","0",1,0,0,0,1,0,0,0,1,0,0,0,0.01,-4.59511985013459,1
"451",187,1,1,"1","2","2",0,1,0,0,0,0,1,0,0,0,1,0,0.99,0,0
"452",187,1,2,"3","1","1",0,0,0,1,0,1,0,0,0,1,0,0,0.01,-4.59511985013459,0
"453",187,1,3,"0","0","0",1,0,0,0,1,0,0,0,1,0,0,0,0.01,-4.59511985013459,1
"454",187,2,1,"1","2","2",0,1,0,0,0,0,1,0,0,0,1,0,0.99,0,0
"455",187,2,2,"2","3","3",0,0,1,0,0,0,0,1,0,0,0,1,0.01,-4.59511985013459,0
"456",187,2,3,"0","0","0",1,0,0,0,1,0,0,0,1,0,0,0,0.01,-4.59511985013459,1
"457",187,3,1,"2","1","2",0,0,1,0,0,1,0,0,0,0,1,0,0.99,0,0
"458",187,3,2,"3","2","3",0,0,0,1,0,0,1,0,0,0,0,1,0.01,-4.59511985013459,0
"459",187,3,3,"0","0","0",1,0,0,0,1,0,0,0,1,0,0,0,0.01,-4.59511985013459,1
"460",194,1,1,"2","1","2",0,0,1,0,0,1,0,0,0,0,1,0,0.99,0,0
"461",194,1,2,"3","2","3",0,0,0,1,0,0,1,0,0,0,0,1,0.01,-4.59511985013459,0
"462",194,1,3,"0","0","0",1,0,0,0,1,0,0,0,1,0,0,0,0.01,-4.59511985013459,1
"463",194,2,1,"2","2","1",0,0,1,0,0,0,1,0,0,1,0,0,0.2,0,0
"464",194,2,2,"1","1","3",0,1,0,0,0,1,0,0,0,0,0,1,0.8,1.38629436111989,0
"465",194,2,3,"0","0","0",1,0,0,0,1,0,0,0,1,0,0,0,0.01,-2.99573227355399,1
"466",194,3,1,"3","3","2",0,0,0,1,0,0,0,1,0,0,1,0,0.01,0,0
"467",194,3,2,"2","2","1",0,0,1,0,0,0,1,0,0,1,0,0,0.01,0,0
"468",194,3,3,"0","0","0",1,0,0,0,1,0,0,0,1,0,0,0,0.99,4.59511985013459,1
"469",196,1,1,"3","1","1",0,0,0,1,0,1,0,0,0,1,0,0,0.01,0,0
"470",196,1,2,"1","2","2",0,1,0,0,0,0,1,0,0,0,1,0,0.99,4.59511985013459,0
"471",196,1,3,"0","0","0",1,0,0,0,1,0,0,0,1,0,0,0,0.01,0,1
"472",196,2,1,"2","3","3",0,0,1,0,0,0,0,1,0,0,0,1,0.01,0,0
"473",196,2,2,"1","2","2",0,1,0,0,0,0,1,0,0,0,1,0,0.99,4.59511985013459,0
"474",196,2,3,"0","0","0",1,0,0,0,1,0,0,0,1,0,0,0,0.01,0,1
"475",196,3,1,"3","2","3",0,0,0,1,0,0,1,0,0,0,0,1,0.01,0,0
"476",196,3,2,"2","1","2",0,0,1,0,0,1,0,0,0,0,1,0,0.01,0,0
"477",196,3,3,"0","0","0",1,0,0,0,1,0,0,0,1,0,0,0,0.99,4.59511985013459,1
"478",202,1,1,"2","3","2",0,0,1,0,0,0,0,1,0,0,1,0,0.3,0,0
"479",202,1,2,"3","2","1",0,0,0,1,0,0,1,0,0,1,0,0,0.7,0.847297860387204,0
"480",202,1,3,"0","0","0",1,0,0,0,1,0,0,0,1,0,0,0,0.01,-3.40119738166216,1
"481",202,2,1,"2","2","1",0,0,1,0,0,0,1,0,0,1,0,0,0.3,0,0
"482",202,2,2,"1","1","3",0,1,0,0,0,1,0,0,0,0,0,1,0.7,0.847297860387204,0
"483",202,2,3,"0","0","0",1,0,0,0,1,0,0,0,1,0,0,0,0.01,-3.40119738166216,1
"484",202,3,1,"3","3","3",0,0,0,1,0,0,0,1,0,0,0,1,0.2,0,0
"485",202,3,2,"1","2","2",0,1,0,0,0,0,1,0,0,0,1,0,0.8,1.38629436111989,0
"486",202,3,3,"0","0","0",1,0,0,0,1,0,0,0,1,0,0,0,0.01,-2.99573227355399,1
"487",205,1,1,"2","1","2",0,0,1,0,0,1,0,0,0,0,1,0,0.7,0,0
"488",205,1,2,"1","2","3",0,1,0,0,0,0,1,0,0,0,0,1,0.3,-0.847297860387204,0
"489",205,1,3,"0","0","0",1,0,0,0,1,0,0,0,1,0,0,0,0.01,-4.24849524204936,1
"490",205,2,1,"1","3","1",0,1,0,0,0,0,0,1,0,1,0,0,0.01,0,0
"491",205,2,2,"3","2","2",0,0,0,1,0,0,1,0,0,0,1,0,0.01,0,0
"492",205,2,3,"0","0","0",1,0,0,0,1,0,0,0,1,0,0,0,0.99,4.59511985013459,1
"493",205,3,1,"3","3","3",0,0,0,1,0,0,0,1,0,0,0,1,0.01,0,0
"494",205,3,2,"2","2","1",0,0,1,0,0,0,1,0,0,1,0,0,0.4,3.68887945411394,0
"495",205,3,3,"0","0","0",1,0,0,0,1,0,0,0,1,0,0,0,0.6,4.0943445622221,1
"496",206,1,1,"1","1","3",0,1,0,0,0,1,0,0,0,0,0,1,0.8,0,0
"497",206,1,2,"2","3","2",0,0,1,0,0,0,0,1,0,0,1,0,0.01,-4.38202663467388,0
"498",206,1,3,"0","0","0",1,0,0,0,1,0,0,0,1,0,0,0,0.2,-1.38629436111989,1
"499",206,2,1,"1","3","1",0,1,0,0,0,0,0,1,0,1,0,0,0.6,0,0
"500",206,2,2,"2","1","3",0,0,1,0,0,1,0,0,0,0,0,1,0.2,-1.09861228866811,0
"501",206,2,3,"0","0","0",1,0,0,0,1,0,0,0,1,0,0,0,0.2,-1.09861228866811,1
"502",206,3,1,"1","2","2",0,1,0,0,0,0,1,0,0,0,1,0,0.8,0,0
"503",206,3,2,"3","1","1",0,0,0,1,0,1,0,0,0,1,0,0,0.01,-4.38202663467388,0
"504",206,3,3,"0","0","0",1,0,0,0,1,0,0,0,1,0,0,0,0.2,-1.38629436111989,1
"505",999999990,1,1,"2","1","2",0,0,1,0,0,1,0,0,0,0,1,0,0.4,0,0
"506",999999990,1,2,"3","3","3",0,0,0,1,0,0,0,1,0,0,0,1,0.3,-0.287682072451781,0
"507",999999990,1,3,"0","0","0",1,0,0,0,1,0,0,0,1,0,0,0,0.3,-0.287682072451781,1
"508",999999990,2,1,"3","2","3",0,0,0,1,0,0,1,0,0,0,0,1,0.5,0,0
"509",999999990,2,2,"1","3","1",0,1,0,0,0,0,0,1,0,1,0,0,0.4,-0.22314355131421,0
"510",999999990,2,3,"0","0","0",1,0,0,0,1,0,0,0,1,0,0,0,0.1,-1.6094379124341,1
"511",999999990,3,1,"2","3","1",0,0,1,0,0,0,0,1,0,1,0,0,0.3,0,0
"512",999999990,3,2,"1","2","2",0,1,0,0,0,0,1,0,0,0,1,0,0.7,0.847297860387204,0
"513",999999990,3,3,"0","0","0",1,0,0,0,1,0,0,0,1,0,0,0,0.01,-3.40119738166216,1
"514",999999993,1,1,"2","1","2",0,0,1,0,0,1,0,0,0,0,1,0,0.5,0,0
"515",999999993,1,2,"3","2","3",0,0,0,1,0,0,1,0,0,0,0,1,0.5,0,0
"516",999999993,1,3,"0","0","0",1,0,0,0,1,0,0,0,1,0,0,0,0.01,-3.91202300542815,1
"517",999999993,2,1,"2","2","1",0,0,1,0,0,0,1,0,0,1,0,0,0.3,0,0
"518",999999993,2,2,"1","1","3",0,1,0,0,0,1,0,0,0,0,0,1,0.7,0.847297860387204,0
"519",999999993,2,3,"0","0","0",1,0,0,0,1,0,0,0,1,0,0,0,0.01,-3.40119738166216,1
"520",999999993,3,1,"1","1","3",0,1,0,0,0,1,0,0,0,0,0,1,0.7,0,0
"521",999999993,3,2,"3","3","2",0,0,0,1,0,0,0,1,0,0,1,0,0.3,-0.847297860387204,0
"522",999999993,3,3,"0","0","0",1,0,0,0,1,0,0,0,1,0,0,0,0.01,-4.24849524204936,1
"523",999999998,1,1,"2","1","2",0,0,1,0,0,1,0,0,0,0,1,0,0.01,0,0
"524",999999998,1,2,"1","2","3",0,1,0,0,0,0,1,0,0,0,0,1,0.8,4.38202663467388,0
"525",999999998,1,3,"0","0","0",1,0,0,0,1,0,0,0,1,0,0,0,0.2,2.99573227355399,1
"526",999999998,2,1,"1","3","1",0,1,0,0,0,0,0,1,0,1,0,0,0.4,0,0
"527",999999998,2,2,"3","2","2",0,0,0,1,0,0,1,0,0,0,1,0,0.01,-3.68887945411394,0
"528",999999998,2,3,"0","0","0",1,0,0,0,1,0,0,0,1,0,0,0,0.6,0.405465108108164,1
"529",999999998,3,1,"3","3","3",0,0,0,1,0,0,0,1,0,0,0,1,0.01,0,0
"530",999999998,3,2,"2","2","1",0,0,1,0,0,0,1,0,0,1,0,0,0.5,3.91202300542815,0
"531",999999998,3,3,"0","0","0",1,0,0,0,1,0,0,0,1,0,0,0,0.5,3.91202300542815,1
"532",999999999,1,1,"3","1","2",0,0,0,1,0,1,0,0,0,0,1,0,0.01,0,0
"533",999999999,1,2,"1","3","3",0,1,0,0,0,0,0,1,0,0,0,1,0.4,3.68887945411394,0
"534",999999999,1,3,"0","0","0",1,0,0,0,1,0,0,0,1,0,0,0,0.6,4.0943445622221,1
"535",999999999,2,1,"3","2","1",0,0,0,1,0,0,1,0,0,1,0,0,0.01,0,0
"536",999999999,2,2,"2","1","2",0,0,1,0,0,1,0,0,0,0,1,0,0.7,4.24849524204936,0
"537",999999999,2,3,"0","0","0",1,0,0,0,1,0,0,0,1,0,0,0,0.3,3.40119738166216,1
"538",999999999,3,1,"2","3","1",0,0,1,0,0,0,0,1,0,1,0,0,0.01,0,0
"539",999999999,3,2,"1","1","3",0,1,0,0,0,1,0,0,0,0,0,1,0.3,3.40119738166216,0
"540",999999999,3,3,"0","0","0",1,0,0,0,1,0,0,0,1,0,0,0,0.7,4.24849524204936,1
